images,masks
EAD2020_semantic_00199.jpg,EAD2020_semantic_00199.tif
EAD2020_semantic_00169.jpg,EAD2020_semantic_00169.tif
EAD2020_semantic_00193.jpg,EAD2020_semantic_00193.tif
EAD2020_semantic_00118.jpg,EAD2020_semantic_00118.tif
EAD2020_semantic_00057.jpg,EAD2020_semantic_00057.tif
EAD2020_semantic_00125.jpg,EAD2020_semantic_00125.tif
EAD2020_semantic_00314.jpg,EAD2020_semantic_00314.tif
EAD2020_semantic_00311.jpg,EAD2020_semantic_00311.tif
EAD2020_semantic_00291.jpg,EAD2020_semantic_00291.tif
EAD2020_semantic_00357.jpg,EAD2020_semantic_00357.tif
EAD2020_semantic_00395.jpg,EAD2020_semantic_00395.tif
EAD2020_semantic_00232.jpg,EAD2020_semantic_00232.tif
EAD2020_semantic_00020.jpg,EAD2020_semantic_00020.tif
EAD2020_semantic_00186.jpg,EAD2020_semantic_00186.tif
EAD2020_semantic_00174.jpg,EAD2020_semantic_00174.tif
EAD2020_semantic_00126.jpg,EAD2020_semantic_00126.tif
EAD2020_semantic_00085.jpg,EAD2020_semantic_00085.tif
EAD2020_semantic_00237.jpg,EAD2020_semantic_00237.tif
EAD2020_semantic_00355.jpg,EAD2020_semantic_00355.tif
EAD2020_semantic_00266.jpg,EAD2020_semantic_00266.tif
EAD2020_semantic_00320.jpg,EAD2020_semantic_00320.tif
EAD2020_semantic_00386.jpg,EAD2020_semantic_00386.tif
EAD2020_semantic_00425.jpg,EAD2020_semantic_00425.tif
EAD2020_semantic_00344.jpg,EAD2020_semantic_00344.tif
EAD2020_semantic_00165.jpg,EAD2020_semantic_00165.tif
EAD2020_semantic_00423.jpg,EAD2020_semantic_00423.tif
EAD2020_semantic_00171.jpg,EAD2020_semantic_00171.tif
EAD2020_semantic_00082.jpg,EAD2020_semantic_00082.tif
EAD2020_semantic_00292.jpg,EAD2020_semantic_00292.tif
EAD2020_semantic_00470.jpg,EAD2020_semantic_00470.tif
EAD2020_semantic_00225.jpg,EAD2020_semantic_00225.tif
EAD2020_semantic_00379.jpg,EAD2020_semantic_00379.tif
EAD2020_semantic_00012.jpg,EAD2020_semantic_00012.tif
EAD2020_semantic_00318.jpg,EAD2020_semantic_00318.tif
EAD2020_semantic_00144.jpg,EAD2020_semantic_00144.tif
EAD2020_semantic_00191.jpg,EAD2020_semantic_00191.tif
EAD2020_semantic_00331.jpg,EAD2020_semantic_00331.tif
EAD2020_semantic_00367.jpg,EAD2020_semantic_00367.tif
EAD2020_semantic_00472.jpg,EAD2020_semantic_00472.tif
EAD2020_semantic_00154.jpg,EAD2020_semantic_00154.tif
EAD2020_semantic_00449.jpg,EAD2020_semantic_00449.tif
EAD2020_semantic_00233.jpg,EAD2020_semantic_00233.tif
EAD2020_semantic_00365.jpg,EAD2020_semantic_00365.tif
EAD2020_semantic_00434.jpg,EAD2020_semantic_00434.tif
EAD2020_semantic_00168.jpg,EAD2020_semantic_00168.tif
EAD2020_semantic_00339.jpg,EAD2020_semantic_00339.tif
EAD2020_semantic_00068.jpg,EAD2020_semantic_00068.tif
EAD2020_semantic_00393.jpg,EAD2020_semantic_00393.tif
EAD2020_semantic_00378.jpg,EAD2020_semantic_00378.tif
EAD2020_semantic_00286.jpg,EAD2020_semantic_00286.tif
EAD2020_semantic_00326.jpg,EAD2020_semantic_00326.tif
EAD2020_semantic_00180.jpg,EAD2020_semantic_00180.tif
EAD2020_semantic_00008.jpg,EAD2020_semantic_00008.tif
EAD2020_semantic_00294.jpg,EAD2020_semantic_00294.tif
EAD2020_semantic_00083.jpg,EAD2020_semantic_00083.tif
EAD2020_semantic_00419.jpg,EAD2020_semantic_00419.tif
EAD2020_semantic_00364.jpg,EAD2020_semantic_00364.tif
EAD2020_semantic_00070.jpg,EAD2020_semantic_00070.tif
EAD2020_semantic_00457.jpg,EAD2020_semantic_00457.tif
EAD2020_semantic_00212.jpg,EAD2020_semantic_00212.tif
EAD2020_semantic_00279.jpg,EAD2020_semantic_00279.tif
EAD2020_semantic_00081.jpg,EAD2020_semantic_00081.tif
EAD2020_semantic_00276.jpg,EAD2020_semantic_00276.tif
EAD2020_semantic_00097.jpg,EAD2020_semantic_00097.tif
EAD2020_semantic_00460.jpg,EAD2020_semantic_00460.tif
EAD2020_semantic_00080.jpg,EAD2020_semantic_00080.tif
EAD2020_semantic_00143.jpg,EAD2020_semantic_00143.tif
EAD2020_semantic_00094.jpg,EAD2020_semantic_00094.tif
EAD2020_semantic_00462.jpg,EAD2020_semantic_00462.tif
EAD2020_semantic_00427.jpg,EAD2020_semantic_00427.tif
EAD2020_semantic_00409.jpg,EAD2020_semantic_00409.tif
EAD2020_semantic_00241.jpg,EAD2020_semantic_00241.tif
EAD2020_semantic_00455.jpg,EAD2020_semantic_00455.tif
EAD2020_semantic_00029.jpg,EAD2020_semantic_00029.tif
EAD2020_semantic_00377.jpg,EAD2020_semantic_00377.tif
EAD2020_semantic_00117.jpg,EAD2020_semantic_00117.tif
EAD2020_semantic_00431.jpg,EAD2020_semantic_00431.tif
EAD2020_semantic_00151.jpg,EAD2020_semantic_00151.tif
EAD2020_semantic_00260.jpg,EAD2020_semantic_00260.tif
EAD2020_semantic_00376.jpg,EAD2020_semantic_00376.tif
EAD2020_semantic_00176.jpg,EAD2020_semantic_00176.tif
EAD2020_semantic_00407.jpg,EAD2020_semantic_00407.tif
EAD2020_semantic_00023.jpg,EAD2020_semantic_00023.tif
EAD2020_semantic_00293.jpg,EAD2020_semantic_00293.tif
EAD2020_semantic_00391.jpg,EAD2020_semantic_00391.tif
EAD2020_semantic_00244.jpg,EAD2020_semantic_00244.tif
EAD2020_semantic_00380.jpg,EAD2020_semantic_00380.tif
EAD2020_semantic_00166.jpg,EAD2020_semantic_00166.tif
EAD2020_semantic_00459.jpg,EAD2020_semantic_00459.tif
EAD2020_semantic_00347.jpg,EAD2020_semantic_00347.tif
EAD2020_semantic_00307.jpg,EAD2020_semantic_00307.tif
EAD2020_semantic_00002.jpg,EAD2020_semantic_00002.tif
EAD2020_semantic_00114.jpg,EAD2020_semantic_00114.tif
EAD2020_semantic_00371.jpg,EAD2020_semantic_00371.tif
EAD2020_semantic_00076.jpg,EAD2020_semantic_00076.tif
EAD2020_semantic_00315.jpg,EAD2020_semantic_00315.tif
EAD2020_semantic_00418.jpg,EAD2020_semantic_00418.tif
EAD2020_semantic_00280.jpg,EAD2020_semantic_00280.tif
EAD2020_semantic_00200.jpg,EAD2020_semantic_00200.tif
EAD2020_semantic_00297.jpg,EAD2020_semantic_00297.tif
EAD2020_semantic_00147.jpg,EAD2020_semantic_00147.tif
EAD2020_semantic_00361.jpg,EAD2020_semantic_00361.tif
EAD2020_semantic_00004.jpg,EAD2020_semantic_00004.tif
EAD2020_semantic_00053.jpg,EAD2020_semantic_00053.tif
EAD2020_semantic_00372.jpg,EAD2020_semantic_00372.tif
EAD2020_semantic_00340.jpg,EAD2020_semantic_00340.tif
EAD2020_semantic_00448.jpg,EAD2020_semantic_00448.tif
EAD2020_semantic_00362.jpg,EAD2020_semantic_00362.tif
EAD2020_semantic_00261.jpg,EAD2020_semantic_00261.tif
EAD2020_semantic_00035.jpg,EAD2020_semantic_00035.tif
EAD2020_semantic_00373.jpg,EAD2020_semantic_00373.tif
EAD2020_semantic_00343.jpg,EAD2020_semantic_00343.tif
EAD2020_semantic_00421.jpg,EAD2020_semantic_00421.tif
EAD2020_semantic_00146.jpg,EAD2020_semantic_00146.tif
EAD2020_semantic_00445.jpg,EAD2020_semantic_00445.tif
EAD2020_semantic_00430.jpg,EAD2020_semantic_00430.tif
EAD2020_semantic_00374.jpg,EAD2020_semantic_00374.tif
EAD2020_semantic_00217.jpg,EAD2020_semantic_00217.tif
EAD2020_semantic_00128.jpg,EAD2020_semantic_00128.tif
EAD2020_semantic_00240.jpg,EAD2020_semantic_00240.tif
EAD2020_semantic_00358.jpg,EAD2020_semantic_00358.tif
EAD2020_semantic_00410.jpg,EAD2020_semantic_00410.tif
EAD2020_semantic_00402.jpg,EAD2020_semantic_00402.tif
EAD2020_semantic_00432.jpg,EAD2020_semantic_00432.tif
EAD2020_semantic_00328.jpg,EAD2020_semantic_00328.tif
EAD2020_semantic_00204.jpg,EAD2020_semantic_00204.tif
EAD2020_semantic_00453.jpg,EAD2020_semantic_00453.tif
EAD2020_semantic_00092.jpg,EAD2020_semantic_00092.tif
EAD2020_semantic_00336.jpg,EAD2020_semantic_00336.tif
EAD2020_semantic_00337.jpg,EAD2020_semantic_00337.tif
EAD2020_semantic_00250.jpg,EAD2020_semantic_00250.tif
EAD2020_semantic_00161.jpg,EAD2020_semantic_00161.tif
EAD2020_semantic_00375.jpg,EAD2020_semantic_00375.tif
EAD2020_semantic_00033.jpg,EAD2020_semantic_00033.tif
EAD2020_semantic_00267.jpg,EAD2020_semantic_00267.tif
EAD2020_semantic_00400.jpg,EAD2020_semantic_00400.tif
EAD2020_semantic_00443.jpg,EAD2020_semantic_00443.tif
EAD2020_semantic_00247.jpg,EAD2020_semantic_00247.tif
EAD2020_semantic_00303.jpg,EAD2020_semantic_00303.tif
EAD2020_semantic_00190.jpg,EAD2020_semantic_00190.tif
EAD2020_semantic_00009.jpg,EAD2020_semantic_00009.tif
EAD2020_semantic_00226.jpg,EAD2020_semantic_00226.tif
EAD2020_semantic_00392.jpg,EAD2020_semantic_00392.tif
EAD2020_semantic_00246.jpg,EAD2020_semantic_00246.tif
EAD2020_semantic_00309.jpg,EAD2020_semantic_00309.tif
EAD2020_semantic_00201.jpg,EAD2020_semantic_00201.tif
EAD2020_semantic_00332.jpg,EAD2020_semantic_00332.tif
EAD2020_semantic_00273.jpg,EAD2020_semantic_00273.tif
EAD2020_semantic_00221.jpg,EAD2020_semantic_00221.tif
EAD2020_semantic_00243.jpg,EAD2020_semantic_00243.tif
EAD2020_semantic_00209.jpg,EAD2020_semantic_00209.tif
EAD2020_semantic_00223.jpg,EAD2020_semantic_00223.tif
EAD2020_semantic_00234.jpg,EAD2020_semantic_00234.tif
EAD2020_semantic_00404.jpg,EAD2020_semantic_00404.tif
EAD2020_semantic_00438.jpg,EAD2020_semantic_00438.tif
EAD2020_semantic_00224.jpg,EAD2020_semantic_00224.tif
EAD2020_semantic_00469.jpg,EAD2020_semantic_00469.tif
EAD2020_semantic_00467.jpg,EAD2020_semantic_00467.tif
EAD2020_semantic_00016.jpg,EAD2020_semantic_00016.tif
EAD2020_semantic_00135.jpg,EAD2020_semantic_00135.tif
EAD2020_semantic_00302.jpg,EAD2020_semantic_00302.tif
EAD2020_semantic_00141.jpg,EAD2020_semantic_00141.tif
EAD2020_semantic_00105.jpg,EAD2020_semantic_00105.tif
EAD2020_semantic_00197.jpg,EAD2020_semantic_00197.tif
EAD2020_semantic_00172.jpg,EAD2020_semantic_00172.tif
EAD2020_semantic_00003.jpg,EAD2020_semantic_00003.tif
EAD2020_semantic_00274.jpg,EAD2020_semantic_00274.tif
EAD2020_semantic_00461.jpg,EAD2020_semantic_00461.tif
EAD2020_semantic_00463.jpg,EAD2020_semantic_00463.tif
EAD2020_semantic_00187.jpg,EAD2020_semantic_00187.tif
EAD2020_semantic_00403.jpg,EAD2020_semantic_00403.tif
EAD2020_semantic_00248.jpg,EAD2020_semantic_00248.tif
EAD2020_semantic_00210.jpg,EAD2020_semantic_00210.tif
EAD2020_semantic_00049.jpg,EAD2020_semantic_00049.tif
EAD2020_semantic_00405.jpg,EAD2020_semantic_00405.tif
EAD2020_semantic_00345.jpg,EAD2020_semantic_00345.tif
EAD2020_semantic_00282.jpg,EAD2020_semantic_00282.tif
EAD2020_semantic_00206.jpg,EAD2020_semantic_00206.tif
EAD2020_semantic_00136.jpg,EAD2020_semantic_00136.tif
EAD2020_semantic_00275.jpg,EAD2020_semantic_00275.tif
EAD2020_semantic_00306.jpg,EAD2020_semantic_00306.tif
EAD2020_semantic_00074.jpg,EAD2020_semantic_00074.tif
EAD2020_semantic_00152.jpg,EAD2020_semantic_00152.tif
EAD2020_semantic_00061.jpg,EAD2020_semantic_00061.tif
EAD2020_semantic_00021.jpg,EAD2020_semantic_00021.tif
EAD2020_semantic_00269.jpg,EAD2020_semantic_00269.tif
EAD2020_semantic_00370.jpg,EAD2020_semantic_00370.tif
EAD2020_semantic_00228.jpg,EAD2020_semantic_00228.tif
EAD2020_semantic_00436.jpg,EAD2020_semantic_00436.tif
EAD2020_semantic_00388.jpg,EAD2020_semantic_00388.tif
EAD2020_semantic_00181.jpg,EAD2020_semantic_00181.tif
EAD2020_semantic_00189.jpg,EAD2020_semantic_00189.tif
EAD2020_semantic_00346.jpg,EAD2020_semantic_00346.tif
EAD2020_semantic_00207.jpg,EAD2020_semantic_00207.tif
EAD2020_semantic_00019.jpg,EAD2020_semantic_00019.tif
EAD2020_semantic_00088.jpg,EAD2020_semantic_00088.tif
EAD2020_semantic_00387.jpg,EAD2020_semantic_00387.tif
EAD2020_semantic_00440.jpg,EAD2020_semantic_00440.tif
EAD2020_semantic_00447.jpg,EAD2020_semantic_00447.tif
EAD2020_semantic_00170.jpg,EAD2020_semantic_00170.tif
EAD2020_semantic_00022.jpg,EAD2020_semantic_00022.tif
EAD2020_semantic_00216.jpg,EAD2020_semantic_00216.tif
EAD2020_semantic_00014.jpg,EAD2020_semantic_00014.tif
EAD2020_semantic_00188.jpg,EAD2020_semantic_00188.tif
EAD2020_semantic_00102.jpg,EAD2020_semantic_00102.tif
EAD2020_semantic_00069.jpg,EAD2020_semantic_00069.tif
EAD2020_semantic_00039.jpg,EAD2020_semantic_00039.tif
EAD2020_semantic_00000.jpg,EAD2020_semantic_00000.tif
EAD2020_semantic_00179.jpg,EAD2020_semantic_00179.tif
EAD2020_semantic_00428.jpg,EAD2020_semantic_00428.tif
EAD2020_semantic_00278.jpg,EAD2020_semantic_00278.tif
EAD2020_semantic_00055.jpg,EAD2020_semantic_00055.tif
EAD2020_semantic_00468.jpg,EAD2020_semantic_00468.tif
EAD2020_semantic_00334.jpg,EAD2020_semantic_00334.tif
EAD2020_semantic_00338.jpg,EAD2020_semantic_00338.tif
EAD2020_semantic_00041.jpg,EAD2020_semantic_00041.tif
EAD2020_semantic_00253.jpg,EAD2020_semantic_00253.tif
EAD2020_semantic_00048.jpg,EAD2020_semantic_00048.tif
EAD2020_semantic_00215.jpg,EAD2020_semantic_00215.tif
EAD2020_semantic_00220.jpg,EAD2020_semantic_00220.tif
EAD2020_semantic_00268.jpg,EAD2020_semantic_00268.tif
EAD2020_semantic_00167.jpg,EAD2020_semantic_00167.tif
EAD2020_semantic_00025.jpg,EAD2020_semantic_00025.tif
EAD2020_semantic_00052.jpg,EAD2020_semantic_00052.tif
EAD2020_semantic_00140.jpg,EAD2020_semantic_00140.tif
EAD2020_semantic_00454.jpg,EAD2020_semantic_00454.tif
EAD2020_semantic_00420.jpg,EAD2020_semantic_00420.tif
EAD2020_semantic_00015.jpg,EAD2020_semantic_00015.tif
EAD2020_semantic_00099.jpg,EAD2020_semantic_00099.tif
EAD2020_semantic_00353.jpg,EAD2020_semantic_00353.tif
EAD2020_semantic_00185.jpg,EAD2020_semantic_00185.tif
EAD2020_semantic_00077.jpg,EAD2020_semantic_00077.tif
EAD2020_semantic_00284.jpg,EAD2020_semantic_00284.tif
EAD2020_semantic_00108.jpg,EAD2020_semantic_00108.tif
EAD2020_semantic_00006.jpg,EAD2020_semantic_00006.tif
EAD2020_semantic_00265.jpg,EAD2020_semantic_00265.tif
EAD2020_semantic_00214.jpg,EAD2020_semantic_00214.tif
EAD2020_semantic_00062.jpg,EAD2020_semantic_00062.tif
EAD2020_semantic_00296.jpg,EAD2020_semantic_00296.tif
EAD2020_semantic_00264.jpg,EAD2020_semantic_00264.tif
EAD2020_semantic_00401.jpg,EAD2020_semantic_00401.tif
EAD2020_semantic_00319.jpg,EAD2020_semantic_00319.tif
EAD2020_semantic_00383.jpg,EAD2020_semantic_00383.tif
EAD2020_semantic_00235.jpg,EAD2020_semantic_00235.tif
EAD2020_semantic_00148.jpg,EAD2020_semantic_00148.tif
EAD2020_semantic_00142.jpg,EAD2020_semantic_00142.tif
EAD2020_semantic_00262.jpg,EAD2020_semantic_00262.tif
EAD2020_semantic_00150.jpg,EAD2020_semantic_00150.tif
EAD2020_semantic_00157.jpg,EAD2020_semantic_00157.tif
EAD2020_semantic_00382.jpg,EAD2020_semantic_00382.tif
EAD2020_semantic_00397.jpg,EAD2020_semantic_00397.tif
EAD2020_semantic_00078.jpg,EAD2020_semantic_00078.tif
EAD2020_semantic_00198.jpg,EAD2020_semantic_00198.tif
EAD2020_semantic_00458.jpg,EAD2020_semantic_00458.tif
EAD2020_semantic_00156.jpg,EAD2020_semantic_00156.tif
EAD2020_semantic_00451.jpg,EAD2020_semantic_00451.tif
EAD2020_semantic_00415.jpg,EAD2020_semantic_00415.tif
EAD2020_semantic_00110.jpg,EAD2020_semantic_00110.tif
EAD2020_semantic_00145.jpg,EAD2020_semantic_00145.tif
EAD2020_semantic_00433.jpg,EAD2020_semantic_00433.tif
EAD2020_semantic_00352.jpg,EAD2020_semantic_00352.tif
EAD2020_semantic_00051.jpg,EAD2020_semantic_00051.tif
EAD2020_semantic_00305.jpg,EAD2020_semantic_00305.tif
EAD2020_semantic_00149.jpg,EAD2020_semantic_00149.tif
EAD2020_semantic_00350.jpg,EAD2020_semantic_00350.tif
EAD2020_semantic_00359.jpg,EAD2020_semantic_00359.tif
EAD2020_semantic_00079.jpg,EAD2020_semantic_00079.tif
EAD2020_semantic_00116.jpg,EAD2020_semantic_00116.tif
EAD2020_semantic_00394.jpg,EAD2020_semantic_00394.tif
EAD2020_semantic_00034.jpg,EAD2020_semantic_00034.tif
EAD2020_semantic_00348.jpg,EAD2020_semantic_00348.tif
EAD2020_semantic_00255.jpg,EAD2020_semantic_00255.tif
EAD2020_semantic_00414.jpg,EAD2020_semantic_00414.tif
EAD2020_semantic_00219.jpg,EAD2020_semantic_00219.tif
EAD2020_semantic_00322.jpg,EAD2020_semantic_00322.tif
EAD2020_semantic_00312.jpg,EAD2020_semantic_00312.tif
EAD2020_semantic_00329.jpg,EAD2020_semantic_00329.tif
EAD2020_semantic_00184.jpg,EAD2020_semantic_00184.tif
EAD2020_semantic_00399.jpg,EAD2020_semantic_00399.tif
EAD2020_semantic_00086.jpg,EAD2020_semantic_00086.tif
EAD2020_semantic_00289.jpg,EAD2020_semantic_00289.tif
EAD2020_semantic_00412.jpg,EAD2020_semantic_00412.tif
EAD2020_semantic_00317.jpg,EAD2020_semantic_00317.tif
EAD2020_semantic_00442.jpg,EAD2020_semantic_00442.tif
EAD2020_semantic_00341.jpg,EAD2020_semantic_00341.tif
EAD2020_semantic_00115.jpg,EAD2020_semantic_00115.tif
EAD2020_semantic_00351.jpg,EAD2020_semantic_00351.tif
EAD2020_semantic_00208.jpg,EAD2020_semantic_00208.tif
EAD2020_semantic_00333.jpg,EAD2020_semantic_00333.tif
EAD2020_semantic_00050.jpg,EAD2020_semantic_00050.tif
EAD2020_semantic_00109.jpg,EAD2020_semantic_00109.tif
EAD2020_semantic_00270.jpg,EAD2020_semantic_00270.tif
EAD2020_semantic_00113.jpg,EAD2020_semantic_00113.tif
EAD2020_semantic_00242.jpg,EAD2020_semantic_00242.tif
EAD2020_semantic_00272.jpg,EAD2020_semantic_00272.tif
EAD2020_semantic_00087.jpg,EAD2020_semantic_00087.tif
EAD2020_semantic_00330.jpg,EAD2020_semantic_00330.tif
EAD2020_semantic_00119.jpg,EAD2020_semantic_00119.tif
EAD2020_semantic_00011.jpg,EAD2020_semantic_00011.tif
EAD2020_semantic_00098.jpg,EAD2020_semantic_00098.tif
EAD2020_semantic_00122.jpg,EAD2020_semantic_00122.tif
EAD2020_semantic_00413.jpg,EAD2020_semantic_00413.tif
EAD2020_semantic_00038.jpg,EAD2020_semantic_00038.tif
EAD2020_semantic_00435.jpg,EAD2020_semantic_00435.tif
EAD2020_semantic_00196.jpg,EAD2020_semantic_00196.tif
EAD2020_semantic_00327.jpg,EAD2020_semantic_00327.tif
EAD2020_semantic_00471.jpg,EAD2020_semantic_00471.tif
EAD2020_semantic_00043.jpg,EAD2020_semantic_00043.tif
EAD2020_semantic_00028.jpg,EAD2020_semantic_00028.tif
EAD2020_semantic_00236.jpg,EAD2020_semantic_00236.tif
EAD2020_semantic_00424.jpg,EAD2020_semantic_00424.tif
EAD2020_semantic_00178.jpg,EAD2020_semantic_00178.tif
EAD2020_semantic_00277.jpg,EAD2020_semantic_00277.tif
EAD2020_semantic_00446.jpg,EAD2020_semantic_00446.tif
EAD2020_semantic_00026.jpg,EAD2020_semantic_00026.tif
EAD2020_semantic_00131.jpg,EAD2020_semantic_00131.tif
EAD2020_semantic_00231.jpg,EAD2020_semantic_00231.tif
EAD2020_semantic_00132.jpg,EAD2020_semantic_00132.tif
EAD2020_semantic_00310.jpg,EAD2020_semantic_00310.tif
EAD2020_semantic_00299.jpg,EAD2020_semantic_00299.tif
EAD2020_semantic_00464.jpg,EAD2020_semantic_00464.tif
EAD2020_semantic_00308.jpg,EAD2020_semantic_00308.tif
EAD2020_semantic_00040.jpg,EAD2020_semantic_00040.tif
EAD2020_semantic_00263.jpg,EAD2020_semantic_00263.tif
EAD2020_semantic_00213.jpg,EAD2020_semantic_00213.tif
EAD2020_semantic_00047.jpg,EAD2020_semantic_00047.tif
EAD2020_semantic_00324.jpg,EAD2020_semantic_00324.tif
EAD2020_semantic_00252.jpg,EAD2020_semantic_00252.tif
EAD2020_semantic_00067.jpg,EAD2020_semantic_00067.tif
EAD2020_semantic_00037.jpg,EAD2020_semantic_00037.tif
EAD2020_semantic_00045.jpg,EAD2020_semantic_00045.tif
EAD2020_semantic_00091.jpg,EAD2020_semantic_00091.tif
EAD2020_semantic_00162.jpg,EAD2020_semantic_00162.tif
EAD2020_semantic_00153.jpg,EAD2020_semantic_00153.tif
EAD2020_semantic_00120.jpg,EAD2020_semantic_00120.tif
EAD2020_semantic_00222.jpg,EAD2020_semantic_00222.tif
EAD2020_semantic_00027.jpg,EAD2020_semantic_00027.tif
EAD2020_semantic_00130.jpg,EAD2020_semantic_00130.tif
EAD2020_semantic_00259.jpg,EAD2020_semantic_00259.tif
EAD2020_semantic_00298.jpg,EAD2020_semantic_00298.tif
EAD2020_semantic_00064.jpg,EAD2020_semantic_00064.tif
EAD2020_semantic_00139.jpg,EAD2020_semantic_00139.tif
EAD2020_semantic_00031.jpg,EAD2020_semantic_00031.tif
EAD2020_semantic_00271.jpg,EAD2020_semantic_00271.tif
EAD2020_semantic_00450.jpg,EAD2020_semantic_00450.tif
EAD2020_semantic_00129.jpg,EAD2020_semantic_00129.tif
EAD2020_semantic_00111.jpg,EAD2020_semantic_00111.tif
EAD2020_semantic_00101.jpg,EAD2020_semantic_00101.tif
EAD2020_semantic_00349.jpg,EAD2020_semantic_00349.tif
EAD2020_semantic_00239.jpg,EAD2020_semantic_00239.tif
